YEAR,REGION,protected_status,SPECIES_CD,biomass,var,COMNAME,trophic
2017,STTSTJ,0,CEP CRUE,0.029152714419891708,1.8575305533910578e-5,graysby,grouper
2017,STTSTJ,0,CEP FULV,0.12565435756232987,3.591387280697301e-4,coney,grouper
2017,STTSTJ,0,EPI GUTT,0.1492163035328855,0.0011282522514250225,red hind,grouper
2017,STTSTJ,0,LUT ANAL,0.42961887554883016,0.010913977755680511,mutton snapper,snapper
2017,STTSTJ,0,LUT GRIS,0.05227821021336438,0.0012162504926980925,gray snapper,snapper
2017,STTSTJ,0,OCY CHRY,0.174292991074742,0.002767501665963932,yellowtail snapper,snapper
2017,STTSTJ,0,SCA TAEN,0.2803184568719657,0.0015658709020311022,princess parrotfish,parrotfish
2017,STTSTJ,0,SPA AURO,0.13719509550080541,2.3085035737876628e-4,redband parrotfish,parrotfish
2017,STTSTJ,0,SPA VIRI,0.22400513688510632,9.372545695348099e-4,stoplight parrotfish,parrotfish
2019,STTSTJ,0,CEP CRUE,0.017728690505847553,4.694583605533277e-6,graysby,grouper
2019,STTSTJ,0,CEP FULV,0.21869462216539604,7.733786768247e-4,coney,grouper
2019,STTSTJ,0,EPI GUTT,0.19586293971310587,7.778615284155568e-4,red hind,grouper
2019,STTSTJ,0,LUT ANAL,0.29011361226713117,0.012715424061514274,mutton snapper,snapper
2019,STTSTJ,0,LUT GRIS,0.09556440491085656,0.003206538314449941,gray snapper,snapper
2019,STTSTJ,0,OCY CHRY,0.30846873206473696,0.003814341435028704,yellowtail snapper,snapper
2019,STTSTJ,0,SCA TAEN,0.2779895293700383,0.003047926154749709,princess parrotfish,parrotfish
2019,STTSTJ,0,SPA AURO,0.17457631839036244,5.617827402361138e-4,redband parrotfish,parrotfish
2019,STTSTJ,0,SPA VIRI,0.3016474408954627,0.003410525348610509,stoplight parrotfish,parrotfish
2021,STTSTJ,0,CEP CRUE,0.02493965214350428,2.4707511822860037e-5,graysby,grouper
2021,STTSTJ,0,CEP FULV,0.17301340390614645,7.035574001729766e-4,coney,grouper
2021,STTSTJ,0,EPI GUTT,0.13864970689003298,4.041945468503372e-4,red hind,grouper
2021,STTSTJ,0,LUT ANAL,0.19567484287091017,0.009079183377106524,mutton snapper,snapper
2021,STTSTJ,0,LUT GRIS,0.013183366826564532,1.195086566396918e-4,gray snapper,snapper
2021,STTSTJ,0,OCY CHRY,0.1798760467502765,0.001467517996130915,yellowtail snapper,snapper
2021,STTSTJ,0,SCA TAEN,0.16593214806551,5.944427737615318e-4,princess parrotfish,parrotfish
2021,STTSTJ,0,SPA AURO,0.15544660341760197,2.538835303868472e-4,redband parrotfish,parrotfish
2021,STTSTJ,0,SPA VIRI,0.18514717811663997,5.931060566371276e-4,stoplight parrotfish,parrotfish
2023,STTSTJ,0,CEP CRUE,0.02703241854100385,1.9296268174449477e-5,graysby,grouper
2023,STTSTJ,0,CEP FULV,0.10398722976467585,2.757534079162444e-4,coney,grouper
2023,STTSTJ,0,EPI GUTT,0.14521164091808736,4.7672687332106804e-4,red hind,grouper
2023,STTSTJ,0,LUT ANAL,0.23029041728726268,0.003283594511227324,mutton snapper,snapper
2023,STTSTJ,0,LUT GRIS,0.05322838727954459,0.0018112987447578659,gray snapper,snapper
2023,STTSTJ,0,OCY CHRY,0.2013042121211093,0.0015557101748536824,yellowtail snapper,snapper
2023,STTSTJ,0,SCA TAEN,0.1890527015226609,4.885447339974898e-4,princess parrotfish,parrotfish
2023,STTSTJ,0,SPA AURO,0.1750834976838715,2.1456662831920094e-4,redband parrotfish,parrotfish
2023,STTSTJ,0,SPA VIRI,0.2547758069651921,0.0024761756660647105,stoplight parrotfish,parrotfish
2025,STTSTJ,0,CEP CRUE,0.03740042702470115,2.5160216026936228e-5,graysby,grouper
2025,STTSTJ,0,CEP FULV,0.10243069604479556,4.6820610923198076e-4,coney,grouper
2025,STTSTJ,0,EPI GUTT,0.12861310158122657,3.5616473473246125e-4,red hind,grouper
2025,STTSTJ,0,LUT ANAL,0.20657163668596037,0.003026553591845527,mutton snapper,snapper
2025,STTSTJ,0,LUT GRIS,0.21103925110948554,0.017001057992979487,gray snapper,snapper
2025,STTSTJ,0,OCY CHRY,0.5749654800898304,0.017899380896850354,yellowtail snapper,snapper
2025,STTSTJ,0,SCA TAEN,0.15301442330719262,0.002553502071126495,princess parrotfish,parrotfish
2025,STTSTJ,0,SPA AURO,0.25739876148008123,5.69553760601955e-4,redband parrotfish,parrotfish
2025,STTSTJ,0,SPA VIRI,0.23947889799935593,9.263877904258986e-4,stoplight parrotfish,parrotfish
2017,STTSTJ,1,CEP CRUE,0.024294625629606926,1.4041542507895223e-5,graysby,grouper
2017,STTSTJ,1,CEP FULV,0.06789406380327932,1.9347804728677743e-4,coney,grouper
2017,STTSTJ,1,EPI GUTT,0.15991459678482053,0.0010082164278844424,red hind,grouper
2017,STTSTJ,1,LUT ANAL,0.27509050965920995,0.011764968854917382,mutton snapper,snapper
2017,STTSTJ,1,LUT GRIS,0.03392043589795416,3.0030750609699464e-4,gray snapper,snapper
2017,STTSTJ,1,OCY CHRY,0.13739959209601493,7.733561750403717e-4,yellowtail snapper,snapper
2017,STTSTJ,1,SCA TAEN,0.09254787777951705,6.291852347984089e-4,princess parrotfish,parrotfish
2017,STTSTJ,1,SPA AURO,0.1141917225105433,6.728925860869644e-4,redband parrotfish,parrotfish
2017,STTSTJ,1,SPA VIRI,0.19587221203538682,0.0015354575404212965,stoplight parrotfish,parrotfish
2019,STTSTJ,1,CEP CRUE,0.01813646193176612,1.278892192608078e-5,graysby,grouper
2019,STTSTJ,1,CEP FULV,0.026917879600222083,5.7122173479440394e-5,coney,grouper
2019,STTSTJ,1,EPI GUTT,0.10547464453876795,6.760573620245114e-4,red hind,grouper
2019,STTSTJ,1,LUT ANAL,0.29639843110616293,0.007476464332779916,mutton snapper,snapper
2019,STTSTJ,1,LUT GRIS,0.07654984271956711,0.0020212975428155508,gray snapper,snapper
2019,STTSTJ,1,OCY CHRY,0.19358657583945332,0.0014720807135425696,yellowtail snapper,snapper
2019,STTSTJ,1,SCA TAEN,0.033393248440616224,2.7267064367395557e-5,princess parrotfish,parrotfish
2019,STTSTJ,1,SPA AURO,0.146181513209807,0.0016010858797562877,redband parrotfish,parrotfish
2019,STTSTJ,1,SPA VIRI,0.12900060420040438,4.4508825085540216e-4,stoplight parrotfish,parrotfish
2021,STTSTJ,1,CEP CRUE,0.02603718594374439,4.123886050833836e-5,graysby,grouper
2021,STTSTJ,1,CEP FULV,0.04772436812196913,0.0013477612923290818,coney,grouper
2021,STTSTJ,1,EPI GUTT,0.0675275251054114,6.641787980293944e-4,red hind,grouper
2021,STTSTJ,1,LUT ANAL,0.08538622939886949,0.0015832671359836015,mutton snapper,snapper
2021,STTSTJ,1,LUT GRIS,0,0,gray snapper,snapper
2021,STTSTJ,1,OCY CHRY,0.15549555476839352,0.0034631410025119202,yellowtail snapper,snapper
2021,STTSTJ,1,SCA TAEN,0.014511859293809699,4.260254961087488e-5,princess parrotfish,parrotfish
2021,STTSTJ,1,SPA AURO,0.058778443021858695,1.2078541050996028e-4,redband parrotfish,parrotfish
2021,STTSTJ,1,SPA VIRI,0.07992396886335819,0.0015474106079167947,stoplight parrotfish,parrotfish
2023,STTSTJ,1,CEP CRUE,0.023872190872034186,2.4537958205626453e-5,graysby,grouper
2023,STTSTJ,1,CEP FULV,0.0635255096444422,0.0013295163643966467,coney,grouper
2023,STTSTJ,1,EPI GUTT,0.16506684545443157,0.005132859854155162,red hind,grouper
2023,STTSTJ,1,LUT ANAL,0.09103321530906958,0.0025252093277517576,mutton snapper,snapper
2023,STTSTJ,1,LUT GRIS,0.00404137680025718,4.468003317274385e-6,gray snapper,snapper
2023,STTSTJ,1,OCY CHRY,0.14615391761169486,0.0010985775060211418,yellowtail snapper,snapper
2023,STTSTJ,1,SCA TAEN,0.15109970050378035,0.008720404998986986,princess parrotfish,parrotfish
2023,STTSTJ,1,SPA AURO,0.13837317175587535,4.2027964018891736e-4,redband parrotfish,parrotfish
2023,STTSTJ,1,SPA VIRI,0.1472350954267321,0.0013188787116919962,stoplight parrotfish,parrotfish
2025,STTSTJ,1,CEP CRUE,0.046303915426247906,5.51810221680997e-4,graysby,grouper
2025,STTSTJ,1,CEP FULV,0.04882290287095828,0.002049958702505794,coney,grouper
2025,STTSTJ,1,EPI GUTT,0.07095259344038002,3.610514989065267e-4,red hind,grouper
2025,STTSTJ,1,LUT ANAL,0.1176911537557291,8.384906692175119e-4,mutton snapper,snapper
2025,STTSTJ,1,LUT GRIS,0.2508198626435984,0.009116221457783041,gray snapper,snapper
2025,STTSTJ,1,OCY CHRY,0.43387730383808754,0.04000070415072945,yellowtail snapper,snapper
2025,STTSTJ,1,SCA TAEN,0.04795547338533181,2.8274584987813146e-4,princess parrotfish,parrotfish
2025,STTSTJ,1,SPA AURO,0.19616539278913528,8.396660396439639e-4,redband parrotfish,parrotfish
2025,STTSTJ,1,SPA VIRI,0.2272703317704794,0.0027263275842516767,stoplight parrotfish,parrotfish
